{"cameraMode":{"drawMode":1,"name":"Wireframe","section":"Shading Mode"},"sceneLighting":true,"audioPlay":false,"sceneViewState":{"showFog":true,"showMaterialUpdate":false,"showSkybox":true,"showFlares":true,"showImageEffects":true,"showParticleSystems":true},"in2DMode":false,"pivot":{"x":-2.0521240234375,"y":-0.83038330078125,"z":0.6499710083007813},"rotation":{"x":0.0487104132771492,"y":0.47772178053855898,"z":-0.02654121071100235,"w":0.8767581582069397},"size":18.650789260864259,"orthographic":true}