{"cameraMode":{"drawMode":2,"name":"Shaded Wireframe","section":"Shading Mode"},"sceneLighting":true,"audioPlay":false,"sceneViewState":{"showFog":true,"showMaterialUpdate":false,"showSkybox":true,"showFlares":true,"showImageEffects":true,"showParticleSystems":true},"in2DMode":false,"pivot":{"x":0.04042036831378937,"y":1.5340747833251954,"z":-1.1113224029541016},"rotation":{"x":-0.14343082904815675,"y":0.8296627998352051,"z":-0.24848562479019166,"w":-0.4788967967033386},"size":12.252161026000977,"orthographic":false}